<?xml version="1.0" encoding="utf-8"?>
<items>
	<item>
		<content><![CDATA[<span class="title">Page Four - Aliquam in leo orci</span>
<p align="justify"><img src="thumbnails/s_photo_236.jpg" width="100" height="100" />Vestibulum consectetur cursus massa vitae porttitor. Quisque vitae congue turpis. Donec molestie diam augue, eget bibendum velit. Vivamus cursus malesuada enim, id sagittis purus vehicula at. Lorem ipsum dolor sit amet, consectetur adipiscing elit. Nunc id volutpat dui. <span class="highlight">Nulla egestas ipsum ac quam dignissim congue. Duis commodo dignissim augue, in fringilla quam tristique in.</span></p>
<p align="justify">Ut interdum dapibus tincidunt. Quisque vel orci lacus. Vivamus elit arcu, lobortis et adipiscing sit amet, semper at sapien. <a href="http://www.flashmo.com" target="_parent">Nunc aliquam blandit lacus</a>, non suscipit nulla accumsan quis. Aliquam semper blandit nisi eu blandit. Aliquam auctor luctus malesuada. Integer quam leo, fringilla vel porta in, eleifend sed ligula. Pellentesque lacus est, commodo et adipiscing quis, mollis vitae nulla. Fusce sit amet tellus vel nibh blandit cursus. Integer nec est ut metus hendrerit cursus.</p>
<span class="subtitle">Donec tincidunt massa in mauris vulputate</span>
<p align="justify">Phasellus vehicula ipsum id felis porta nec rutrum arcu egestas. Pellentesque habitant morbi tristique senectus et netus et malesuada fames ac turpis egestas. Pellentesque venenatis interdum pellentesque. Vivamus semper, orci ut consectetur facilisis, tellus justo tristique nulla, sit amet vulputate sapien tellus sit amet purus. Etiam tincidunt tellus sed magna gravida aliquam. Maecenas sed dolor lacus, ac vulputate massa. Proin eu semper nisl. Ut diam erat, scelerisque quis fermentum congue, viverra pharetra purus.</p> 
<span class="subtitle">Integer ac turpis eu turpis vulputate pellentesque</span>
<p align="justify">Vestibulum metus purus, pretium sed vestibulum vitae, sagittis a mauris. Pellentesque posuere tellus turpis, ac ultrices risus. Ut scelerisque tristique nibh, porta porta neque porta aliquet. Fusce consectetur, <a href="http://www.flashmo.com" target="_parent">dui sed tempus ornare</a>, nisl tortor varius sem, a viverra eros nisi sit amet leo. <span class="highlight">Suspendisse in arcu velit, eget laoreet mi. Suspendisse at pede vel lorem pulvinar laoreet.</span></p>
<span class="subtitle">Sed mollis augue ut massa mollis gravida</span>
<p align="justify">Phasellus tincidunt, diam sed lacinia laoreet, orci sem mollis justo, ut sollicitudin augue nibh nec neque. Etiam id purus elit, et lobortis elit. In hac habitasse platea dictumst. <a href="http://www.flashmo.com" target="_parent">Sed placerat nulla id urna</a> volutpat vel suscipit ipsum eleifend. Nam quis metus sit amet ante scelerisque euismod eget vitae purus. <span class="highlight">Maecenas sem libero, ornare ac pretium at, accumsan et massa.</span></p> ]]></content>
	</item>
</items>