<?xml version="1.0" encoding="utf-8"?>
<items>
	<item>
		<content><![CDATA[<span class="title">Page Two - Lorem ipsum dolor sit amet</span>
<p align="justify">Fusce rutrum aliquam turpis ac pretium. <a href="http://www.flashmo.com" target="_parent">Nullam sed blandit nulla</a>. Curabitur eu rutrum est. Pellentesque lacinia vehicula faucibus. Sed vel dolor mauris. Nunc vulputate bibendum dictum. Morbi suscipit leo sit amet dui condimentum a molestie lectus pharetra. Nam malesuada tellus a lectus mollis malesuada. Aenean non tempor justo.
<span class="note">Note: Suspendisse sollicitudin viverra euismod. Nunc tempor est non purus ultricies blandit euismod erat venenatis.</span></p>
<span class="subtitle">Pellentesque habitant morbi tristique senectus</span>
<p align="justify"><img src="thumbnails/s_photo_225.jpg" width="100" height="100" />Lorem ipsum dolor sit amet, consectetur adipiscing elit. Donec placerat hendrerit elit, ut hendrerit ante iaculis eu. Fusce sapien augue, iaculis eu rutrum id, varius vel nunc. Etiam a augue ante. Vestibulum feugiat lacinia arcu, posuere tempus lectus ultrices non. Sed lorem mauris, elementum ac feugiat eget, aliquet nec tellus. <span class="highlight">Curabitur placerat neque eget nunc lacinia sagittis. Vestibulum eget felis augue, ac sodales augue. Nunc vel dui iaculis eros viverra placerat non luctus libero.</span></p> 
<p align="justify"><a href="http://www.flashmo.com" target="_parent">Donec scelerisque nisl</a> faucibus est gravida ac pulvinar sapien porta. Mauris venenatis felis id sapien euismod sollicitudin. Morbi vestibulum feugiat massa at lobortis. Integer faucibus, arcu at vestibulum posuere, lacus velit venenatis sem, nec scelerisque lorem urna nec orci. Suspendisse magna est, pretium sed sagittis rhoncus, commodo eget lacus.</p>
<span class="subtitle">Donec rhoncus neque eu ligula egestas sed</span>
<p align="justify"><img src="thumbnails/s_photo_232.jpg" width="100" height="100" />Quisque blandit eros et lorem. Etiam nec enim. Cras arcu. Integer molestie. Aliquam a dui. <a href="http://www.flashmo.com" target="_parent">Suspendisse ac magna</a> quis est eleifend dictum. In velit urna, convallis id, pharetra in, iaculis sit amet, mi. Praesent consectetur imperdiet mauris. Suspendisse at pede vel lorem pulvinar laoreet.</p>
<p align="justify">Praesent tincidunt vulputate odio, at fermentum tellus porta sit amet. Vestibulum ac lacus sem, sed interdum diam. <span class="highlight">Pellentesque felis tortor, pellentesque nec scelerisque nec, rhoncus pharetra enim.</span> Maecenas pellentesque augue non ligula luctus id aliquet ipsum aliquam.</p>
<span class="subtitle">Aliquam cursus tincidunt condimentum</span>
<p align="justify">Nulla mi ipsum, ultrices non commodo a, pellentesque et libero. Pellentesque habitant morbi tristique senectus et netus et malesuada fames ac turpis egestas. Praesent et mauris purus, sit amet viverra neque. <a href="http://www.flashmo.com" target="_parent">Maecenas vehicula varius</a> quam vel luctus. Integer volutpat varius odio, a sagittis dolor mollis quis. Etiam mattis condimentum magna, quis consequat nunc pharetra eget.</p> ]]></content>
	</item>
</items>