<?xml version="1.0" encoding="utf-8"?>
<items>

	<item>
		<content><![CDATA[<span class="title">Page Three - Aliquam erat volutpat</span> ]]></content>
	</item>
	
	<item> 
		<content><![CDATA[<a href="http://www.flashmo.com/preview/flashmo_264_bar_gallery" target="_parent" class="subtitle">Maecenas non libero eu eros facilisis</a>
<p align="justify"><img src="thumbnails/flashmo_264_bar_gallery.jpg" width="140" height="140" />Suspendisse vitae justo dui, vel vestibulum nibh. Etiam fringilla, nisl id luctus tincidunt, nisl lectus auctor purus, sit amet fermentum turpis est luctus erat. Nullam faucibus ultricies hendrerit. Aenean vel metus felis. Aliquam ut congue erat. Praesent commodo elementum elit ac blandit. Nullam imperdiet tincidunt porttitor.
<span class="highlight"><a href="http://www.flashmo.com" target="_parent">Pellentesque posuere tellus turpis</a>, ac ultrices risus. Ut scelerisque tristique nibh, porta porta neque porta aliquet. Fusce consectetur, dui sed tempus ornare, nisl tortor varius sem, a viverra eros nisi sit amet leo.</span></p> ]]></content> 
	</item>
	
	<item> 
		<content><![CDATA[<a href="http://www.flashmo.com/preview/flashmo_263_motion_flow" target="_parent" class="subtitle">Fusce auctor felis et magna</a>
<p align="justify"><img src="thumbnails/flashmo_263_motion_flow.jpg" width="140" height="140" />Phasellus convallis mattis viverra. Cras eget elit quis sem suscipit fermentum sit amet at libero. Fusce in leo lorem. Suspendisse erat tortor, feugiat et porta lacinia, venenatis sit amet mauris. Morbi eu eros id mi elementum semper. Donec quis placerat urna. Quisque velit nulla, dignissim at pharetra in, cursus sed erat. Morbi at justo mattis sem auctor vulputate.
<span class="highlight">Suspendisse vitae justo dui, vel vestibulum nibh. Etiam fringilla, nisl id luctus tincidunt, nisl lectus auctor purus, sit amet fermentum turpis est luctus erat. Nullam faucibus ultricies hendrerit. Aenean vel metus felis.</span></p> ]]></content> 
	</item>
	
	<item> 
		<content><![CDATA[<a href="http://www.flashmo.com/preview/flashmo_262_hexagon" target="_parent" class="subtitle">Class aptent taciti sociosqu ad litora</a>
<p align="justify"><img src="thumbnails/flashmo_262_hexagon.jpg" width="140" height="140" />Quisque vel orci lacus. Vivamus elit arcu, lobortis et adipiscing sit amet, semper at sapien. <a href="http://www.flashmo.com" target="_parent">Nunc aliquam blandit lacus</a>, non suscipit nulla accumsan quis. Pellentesque lacus est, commodo et adipiscing quis, mollis vitae nulla. Fusce sit amet tellus vel nibh blandit cursus.
<span class="note">Morbi dui ipsum, pharetra ut dignissim vitae, pretium molestie ligula. Integer dictum iaculis imperdiet. Aliquam nec vehicula turpis. Quisque placerat dignissim ornare. Mauris lacinia consectetur sapien eget dictum.</span></p> ]]></content> 
	</item>
	
	<item> 
		<content><![CDATA[<a href="http://www.flashmo.com/preview/flashmo_261_grid_gallery" target="_parent" class="subtitle">Nam imperdiet hendrerit tincidunt</a>
<p align="justify"><img src="thumbnails/flashmo_261_grid_gallery.jpg" width="140" height="140" />Phasellus convallis mattis viverra. Cras eget elit quis sem suscipit fermentum sit amet at libero. Fusce in leo lorem. Suspendisse erat tortor, feugiat et porta lacinia, venenatis sit amet mauris. Morbi eu eros id mi elementum semper. Donec quis placerat urna. Quisque velit nulla, dignissim at pharetra in, cursus sed erat. Morbi at justo mattis sem auctor vulputate. In quis urna enim, sed laoreet lorem. Integer nunc elit, malesuada ac ultrices suscipit, congue in ipsum. Quisque pellentesque tortor vel turpis tempus dignissim.</p> ]]></content> 
	</item>
	
	<item> 
		<content><![CDATA[<a href="http://www.flashmo.com/preview/flashmo_251_content_grid" target="_parent" class="subtitle">Duis at augue vitae diam vehicula</a>
<p align="justify"><img src="thumbnails/flashmo_251_content_grid.jpg" width="140" height="140" />Fusce in leo lorem. Morbi dui ipsum, pharetra ut dignissim vitae, pretium molestie ligula. Integer dictum iaculis imperdiet. Aliquam nec vehicula turpis. Quisque placerat dignissim ornare. Mauris lacinia consectetur sapien eget dictum. Nulla placerat mi vitae dolor mattis semper. <span class="highlight">In sit amet nisi justo. Aenean in mauris vitae nisi dignissim rhoncus. Nullam ultricies metus blandit ligula vulputate eget scelerisque est imperdiet.</span></p> ]]></content>
	</item>

	<item> 
		<content><![CDATA[<a href="http://www.flashmo.com/preview/flashmo_249_mega_grid" target="_parent" class="subtitle">Proin eleifend nunc quis diam</a>
<p align="justify"><img src="thumbnails/flashmo_249_mega_grid.jpg" width="140" height="140" />Sed id lectus velit, quis vehicula mi. Quisque sodales tincidunt neque, id sollicitudin purus ullamcorper at. Vivamus mauris arcu, rutrum eget blandit id, ullamcorper vel nisi. Mauris fringilla, sapien nec fringilla malesuada, nunc tellus blandit velit, non egestas dolor dui vel ante. Maecenas lobortis aliquet nisl mattis vulputate. Etiam ut justo at enim mollis iaculis sit amet feugiat lorem.
<span class="note">Fusce libero ante, <a href="http://www.flashmo.com" target="_parent">lobortis vel mollis dapibus</a>, pulvinar faucibus leo. Mauris tempus, tellus in sagittis interdum, mi leo blandit lacus, sit amet vehicula eros tortor eget est. Mauris et nisi odio. Proin sodales urna in massa tincidunt tempus.</span></p> ]]></content> 
	</item>
	
	<item> 
		<content><![CDATA[<a href="http://www.flashmo.com/preview/flashmo_248_clean_gallery" target="_parent" class="subtitle">Nullam consequat ligula non nibh bibendum</a>
<p align="justify"><img src="thumbnails/flashmo_248_clean_gallery.jpg" width="140" height="140" />Nullam facilisis, sapien sed fermentum commodo, risus odio lobortis arcu, id vehicula justo libero et urna. Maecenas sed dolor lacus, ac vulputate massa. Proin eu semper nisl. Ut diam erat, <a href="http://www.flashmo.com" target="_parent">scelerisque quis fermentum congue</a>, viverra pharetra purus. Integer ultricies quam in diam pellentesque at ultricies orci condimentum.</p> ]]></content> 
	</item>
	
	<item> 
		<content><![CDATA[<a href="http://www.flashmo.com/preview/flashmo_246_black_pad" target="_parent" class="subtitle">Phasellus bibendum posuere</a>
<p align="justify"><img src="thumbnails/flashmo_246_black_pad.jpg" width="140" height="140" />Duis mauris orci, dignissim id tempus quis, blandit at dolor. Maecenas placerat pharetra lorem nec semper. Sed in odio ac turpis euismod ultricies. Nunc vitae turpis vitae dolor tempor egestas. Proin ac nisi ipsum, tempus lacinia magna. Morbi in justo eros, vitae aliquam sapien.</p> ]]></content> 
	</item>
	
	<item> 
		<content><![CDATA[<a href="http://www.flashmo.com/preview/flashmo_243_blue_wave" target="_parent" class="subtitle">Aenean nec velit eget ante vulputate</a>
<p align="justify"><img src="thumbnails/flashmo_243_blue_wave.jpg" width="140" height="140" />Fusce eget tellus sit amet libero suscipit scelerisque. Curabitur laoreet mollis enim et pharetra. Etiam pretium sollicitudin scelerisque. Ut scelerisque faucibus ipsum, quis consectetur arcu congue ac. In nec rhoncus metus. Integer dui eros, placerat in pretium eu, laoreet in ipsum.</p> ]]></content> 
	</item>
	
	<item> 
		<content><![CDATA[<a href="http://www.flashmo.com/preview/flashmo_242_mini_tour" target="_parent" class="subtitle">Quisque pellentesque tortor</a>
<p align="justify"><img src="thumbnails/flashmo_242_mini_tour.jpg" width="140" height="140" />Lorem ipsum dolor sit amet, consectetur adipiscing elit. Donec placerat hendrerit elit, ut hendrerit ante iaculis eu. Fusce sapien augue, iaculis eu rutrum id, varius vel nunc. Etiam a augue ante. Vestibulum feugiat lacinia arcu, posuere tempus lectus ultrices non. Suspendisse potenti.</p> ]]></content> 
	</item>
	
</items>