<?xml version="1.0" encoding="utf-8"?>
<items>
	<item>
		<content><![CDATA[<span class="title">Page One - Free Flash Templates</span>
<p align="justify"><img src="thumbnails/s_photo_228.jpg" width="100" height="100" />This HTML text is dynamically loaded from <span class="highlight">the external XML file</span>. Also, the text is formatted by <span class="highlight">the external CSS file</span>. You may download <a href="http://www.flashmo.com" target="_parent">free flash templates</a> and use them for your websites. Donec accumsan urna non elit tristique mattis. Vivamus fermentum orci viverra nisl. In nec magna id ipsum aliquam dictum. Donec euismod enim et risus.</p>
<p align="justify">Donec rhoncus neque eu ligula egestas sed ultricies magna ultricies. Nam eu ante diam. Nam nec faucibus lacus. In dapibus lorem vitae libero convallis feugiat imperdiet ligula porttitor. Praesent pharetra, leo lacinia dapibus consequat, urna nibh sollicitudin quam, semper volutpat nunc tortor id odio. Nullam facilisis, sapien sed fermentum commodo, risus odio lobortis arcu, id vehicula justo libero et urna. Maecenas sed dolor lacus, ac vulputate massa. Proin eu semper nisl.</p>
<span class="subtitle">Sed mollis augue ut massa mollis gravida</span>
<p align="justify"><img src="thumbnails/s_photo_230.jpg" width="100" height="100" />Lorem ipsum dolor sit amet, consectetur adipiscing elit. Pellentesque condimentum ultricies rutrum. Mauris vitae dolor a felis semper bibendum a vitae felis. Nam consequat, sapien a condimentum sagittis, metus velit cursus sapien, vitae tincidunt eros mi nec neque. <span class="highlight">In varius, mi sit amet commodo accumsan, ligula orci aliquet sem, nec tempus dolor magna ac nulla. Duis euismod mattis mauris non semper.</span></p>
<p align="justify">Quisque ornare velit erat, ultricies commodo risus. <a href="http://www.flashmo.com" target="_parent">Vestibulum pellentesque</a>, urna quis suscipit dapibus, ante lectus sodales risus, ut adipiscing nibh diam in nisl. Vestibulum faucibus pharetra lobortis. Phasellus lacus justo, viverra a scelerisque at, laoreet ut enim. Cras eget mollis quam.</p>
<span class="subtitle">Quisque in arcu et ante adipiscing</span>
<p align="justify"><img src="thumbnails/s_photo_235.jpg" width="100" height="100" />Nunc vitae turpis vitae dolor tempor egestas. Proin ac nisi ipsum, tempus lacinia magna. Morbi in justo eros, vitae aliquam sapien. Quisque tempor scelerisque lacus, id interdum nisi scelerisque sit amet. Nulla velit tortor, blandit nec cursus a, dictum id erat. Proin mollis nunc vel lorem cursus pulvinar.</p>
<p align="justify">Praesent tincidunt vulputate odio, at fermentum tellus porta sit amet. Vestibulum ac lacus sem, sed interdum diam. Pellentesque felis tortor, pellentesque nec scelerisque nec, rhoncus pharetra enim. Maecenas pellentesque augue non ligula luctus id aliquet ipsum aliquam. Integer volutpat varius odio, a sagittis dolor mollis quis. Etiam mattis condimentum magna, quis consequat nunc pharetra eget.</p>
<span class="subtitle">Maecenas convallis dui felis</span>
<p align="justify">Nulla mi ipsum, ultrices non commodo a, pellentesque et libero. <a href="http://www.flashmo.com" target="_parent">Pellentesque habitant morbi tristique</a> senectus et netus et malesuada fames ac turpis egestas. Praesent et mauris purus, sit amet viverra neque. Maecenas vehicula varius quam vel luctus.</p> ]]></content>
	</item>
</items>